Text,Rating
"Second Pfizer shot for the COVID-19 vaccine is in the arm! Grateful for the opportunity to do my part to help end this pandemic. 

Looking forward to hugging my parents next month!!

#vaccine #hoorayscience #fauciouchie #HouseofPfizer #vaccinationdone‚úîÔ∏è https://t.co/y5EW35XuWD",1
"Hubs and I are getting our 2nd #FauciOuchie today, just one day shy of @POTUS's and @VP's 100th day in office. 
I am extremely grateful. üíú
#ThankYouJoe! #ThankyouKamala!
#ThankyouDrFauci
#PleaseGetVaccinated #VaccinesWork #vaccinated 
#vaccinatedAF #BidenHarris",1
"Have they said #Aspirin was only invented for chicken AIDS yet?

Or called it a right wing MAGA Trump drug?

#COVID19 #vaccinated",1
#PandemicOfTheUnvaccinated sounds like a #Republican and #FoxNews problem. I am already #vaccinated as is most #Democrats so we are strong as ever baby.,1
"Second Pfizer shot for the COVID-19 vaccine is in the arm! Grateful for the opportunity to do my part to help end this pandemic. 

Looking forward to hugging my parents next month!!

#vaccine #hoorayscience #fauciouchie #HouseofPfizer #vaccinationdone‚úîÔ∏è https://t.co/y5EW35XuWD",0
Got my vaccination as soon as I could get an appointment! Been vaccinated since April! üíú #ARMYvaccinatedtoo https://t.co/RqBxBhP1vG,0
Tomorrow is 2 weeks since the second shot! Full 5G Baby! #Antenasup #TeamModerna,0
Got my vaccination as soon as I could get an appointment! Been vaccinated since April! üíú #ARMYvaccinatedtoo https://t.co/RqBxBhP1vG,0